"(Intercept)","Month_num"
1066.65937864988,-0.0402693498770394
